ICN,Incident_Date,Subject,Country,City,Geocode,Geocode_Anchor,Incident_Group_Type,Summary,Incident_Day,Incident_Month,Incident_Year,Related_Term,Incident_Victims_Dead,Incident_Victims_Hostaged,Incident_Victims_Wounded,Incident_Included_Victims,Weapon,Event_Type,Geocode_Has_Value,Province_State,Assassination,IED,
201011673,15 Jul 2010,"1 educator killed in armed attack in 'Abbarah, Diyala, Iraq",Iraq,"Abbarah","33.816567,44.658859","Al `Abbarah, Diyala, Iraq,","Islamic Extremist (Sunni)","On 15 July 2010, in Abbarah, Diyala, Iraq, assailants fired upon and killed a teacher who was a former Sawha Council member.  No group claimed responsibility.",15,Jul,2010,"Abbarah, Diyala, member, teacher",1,0,0,Yes,Firearm,Armed Attack,Yes,Diyala,No,No,,,,,,,,,,,,,,,,,,,,,,,,,,,,,,,,,,,,,,,,,,,,,,,,,,,,,,,,,,,,,,,,,,,,,,,,,,,,,,,,,,,,,,,,,,,,,,,,,,,,,,,,,,,,,,,,,,,,,,,,,,,,,,,,,,,,,,,,,,,,,,,,,,,,,,,,,,,,,,,,,,,,,,,,,,,,,,,,,,,,,,,,,,,,,,,,,,,,,,,,,,,,,,,,,,,,,,,,,,,,,,,,,,,,,,,,,,,,,,,,,,,,,,,,,,,,,,,,,,,,,,,,,,
201000854,1 Feb 2010,"Telephone station targeted in armed attack by suspected separatists near Adan, 'Adan, Yemen",Yemen,Adan,"12.766667,45.016666","Aden Municipality, `Adan, Yemen,",Secular/Political/Anarchist,"On 1 February 2010, in Adan, 'Adan, Yemen, armed assailants fired upon a telephone station, causing no injuries or damage.  No group claimed responsibility, but it was suspected that southern separatist elements were responsible.",1,Feb,2010,"Adan, elements, separatist elements, southern separatist elements, station, telephone",0,0,0,No,Firearm,Armed Attack,Yes,"Adan","No   ,   No
201010683   ,   13 Jun 2010   ,"1 child wounded in landmine explosion in Moqor, Badghis, Afghanistan",   Afghanistan   ,   Moqor   ,"35.039444,63.291943","Moqor, Badghis, Afghanistan,","Islamic Extremist (Sunni)","On 13 June 2010, in Moqor, Badghis, Afghanistan, a landmine exploded, wounding one child.  No group claimed responsibility.",   13   ,   Jun   ,   2010   ,"Badghis, child, landmine, Moqor",   0   ,   0   ,   1   ,   Yes   ,   Landmine   ,   Bombing   ,   Yes   ,   Badghis   ,   No   ,   No
200912199   ,   28 Dec 2009   ,"3 civilians killed in armed attack by SPLM/SPLA in Rumbek, Al Buhayrat, Sudan",   Sudan   ,   Rumbek   ,"6.800000,29.683332","Rumbek, Lakes, Sudan,","Secular/Political/Anarchist","On 28 December 2009, in Akot payam, Rumbek, Al Buhayrat, Sudan, armed assailants attempted to disarm civilian forces loyal to the Paramount chief, killing three pastoralists in the ensuing exchange of gunfire.  Sudan Peoples Liberation Movement/Army (SPLM/SPLA) claimed responsibility and said they were legally attempting to disarm the civilians.",28,Dec,2009,"exchange, gunfire, Liberation Movement, SPLA, Sudan, Sudan People",3,0,0,Yes,Firearm,Armed Attack,Yes,Al Buhayrat,No,No,,,,,,,,,,,,,,,,,,,,,,,,,,,,,,,,,,,,,,,,,,,,,,,,,,,,,,,,,,,,,,,,,,,,,,,,,,,,,,,,,,,,,,,,,,,,,,,,,,,,,,,,,,,,,,,,,,,,,,,,,,,,,,,,,,,,,,,,,,,,,,,,,,,,,,,,,,,,,,,,,,,,,,,,,,,,,,,,,,,,,,,,,,,,,,,,,,,,,,,,,,,,,,,,,,,,,,,,,,,,,,,,,,,,,,,,,,,,,,,,,,,,,,,,,,
201012728,6 Aug 2010,"1 police officer killed in armed attack by suspected AQAP in 'Ataq, Shabwah, Yemen",Yemen,"Ataq","14.550000,46.799999","`Ataq, Shabwah, Yemen,","Islamic Extremist (Sunni)","On 6 August 2010, in Ataq, Shabwah, Yemen, armed assailants fired upon and killed one police officer at a security checkpoint.  No group claimed responsibility, but it was believed that al-Qa'ida in the Arabian Peninsula (AQAP) was responsible.",6,Aug,2010,"AQAP, Arabian Peninsula, checkpoint, security, security checkpoint, Shabwah",1,0,0,Yes,Firearm,Armed Attack,Yes,Shabwah,No,"No
200911717,30 Dec 2009,"1 child killed, 2 civilians injured in armed attack in 'Alaqehdari Shibar, Bamian, Afghanistan",Afghanistan,"Alaqehdari Shibar","34.875279,68.156113","`Alaqadari Sebar, Bamian, Afghanistan,","Islamic Extremist (Sunni)","On 30 December 2009, in the morning, in Sangpar, Alaqehdari Shibar, Bamian, Afghanistan, armed assailants fired on a passenger bus, killing one child, injuring two civilians, and damaging the bus.  No group claimed responsibility.",30,Dec,2009,"Bamian, child, morning, passenger, passenger bus",1,0,2,Yes,Firearm,Armed Attack,Yes,Bamian,No,No,,,,,,,,,,,,,,,,,,,,,,,,,,,,,,,,,,,,,,,,,,,,,,,,,,,,,,,,,,,,,,,,,,,,,,,,,,,,,,,,,,,,,,,,,,,,,,,,,,,,,,,,,,,,,,,,,,,,,,,,,,,,,,,,,,,,,,,,,,,,,,,,,,,,,,,,,,,,,,,,,,,,,,,,,,,,,,,,,,,,,,,,,,,,,,,,,,,,,,,,,,,,,,,,,,,,,,,,,,,,,,,,,,,,,,,,,,,,,,,,,,,,,,,,,,,,,,,,,,,,,,,,,,
201000373,14 Jan 2010,"2 diplomatic vehicles damaged in IED attack near Amman, 'Amman, Jordan",Jordan,Amman,"31.583332,36.333332","Al 'Asimah, Amman, Jordan,",Unknown,"On 14 January 2010, 10 miles west of Amman, 'Amman, Jordan, assailants remotely detonated an improvised explosive device (IED) near an Israeli diplomatic convoy, damaging two vehicles but causing no injuries.  No group claimed responsibility.",14,Jan,2010,"Amman, convoy, diplomatic convoy, January, Jordan, miles, west",0,0,0,Yes,"Explosive, IED",Bombing,Yes,"Amman",   No   ,   Yes
201013465   ,"25 Aug 2010","3 civilians wounded by suspected Taliban in Chowreh, Oruzgan, Afghanistan",   Afghanistan   ,   Chowreh   ,"32.833328,66.000000","Oruzgan, Afghanistan,","Islamic Extremist (Sunni)","On 25 August 2010, in Chowreh, Oruzgan, Afghanistan, assailants attacked a group of civilians, wounding three civilians by unknown means.  No group claimed responsibility, although it was widely believed the Taliban was responsible.",   25   ,   Aug   ,   2010   ,   Chowreh, means, Oruzgan, Taliban, unknown means   ,   0   ,   0   ,   3   ,   Yes   ,   Unknown   ,   Unknown   ,   Yes   ,   Oruzgan   ,   No   ,   No
201006238   ,"19 Feb 2010","Unknown target in IED explosion in Archi, Kondoz, Afghanistan",   Afghanistan   ,   Archi   ,"37.065556,69.293335","Chichkeh, Kondoz, Afghanistan,","Islamic Extremist (Sunni)","On 19 February 2010, in Mullah Qoli village, Archi, Kondoz, Afghanistan, an improvised explosive device (IED) exploded while it was being planted but caused no injuries or damage.  No group claimed responsibility.",   19   ,   Feb   ,   2010   ,"Afghanistan, Archi, February, Kondoz, village",   0   ,   0   ,   0   ,   No   ,"Explosive, IED",   Bombing   ,   Yes   ,   Kondoz   ,   No   ,   Yes
201013427   ,"21 Aug 2010","1 paramilitary officer, 2 civilians killed in assault in Shauri, Dagestan, Russia",   Russia   ,   Shauri   ,"42.270046,45.939793","Shauri, Dagestan, Russia,","Islamic Extremist (Sunni)","On or about 21 August 2010, in Shauri, Dagestan, Russia, assailants assaulted and killed a Federal Security Service (FSB) Border Patrol officer, his driver, and a civilian.  No group claimed responsibility.",   21   ,   Aug   ,   2010   ,"border patrol, Dagestan, driver, Federal Security Service, Russia",   3   ,   0   ,   0   ,   Yes   ,   Primitive   ,   Assault   ,   Yes   ,   Dagestan   ,   No   ,   No
201006751   ,"9 Mar 2010","1 government employee killed in armed attack by Taliban in Ghazni, Ghazni, Afghanistan",   Afghanistan   ,   Ghazni   ,"33.550835,68.422501","Ghazni, Ghazni, Afghanistan,","Islamic Extremist (Sunni)","On 9 March 2010, at 6:00 PM, in Ghazni, Ghazni, Afghanistan, armed assailants fired upon and killed an intelligence officer of the National Security Directorate.  The Taliban claimed responsibility.",   09   ,   Mar   ,   2010   ,"Ghazni, intelligence, intelligence officer, National Security Directorate",   1   ,   0   ,   0   ,   Yes   ,   Firearm   ,   Armed Attack   ,   Yes   ,   Ghazni   ,   No   ,   No
201011359   ,"7 Jul 2010","Government official targeted in grenade attack in Dhamar, Yemen",   Yemen   ,   None   ,"14.550000,44.400002","Dhamar, Yemen,",   Unknown   ,"On 7 July 2010, in Dhamar, Yemen, assailants threw a grenade at the car of a local public prosecutor, causing no injuries or damage.  No group claimed responsibility.",   07   ,   Jul   ,   2010   ,"Dhamar, grenade, July, prosecutor, public prosecutor",   0   ,   0   ,   0   ,   Yes   ,   Grenade   ,   Armed Attack   ,   Yes   ,   Dhamar   ,   No   ,   No
201009509   ,"10 Mar 2010","1 vehicle destroyed in arson by suspected Israeli settlers in Burin, West Bank",   West Bank   ,   Burin   ,"32.181110,35.248612","Burin, West Bank,","Secular/Political/Anarchist","On 10 March 2010, in Burin, West Bank, assailants set fire to a Palestinian-owned civilian vehicle, destroying the vehicle but causing no injuries.  No group claimed responsibility, but it was believed that local Israeli settlers were responsible.",   10   ,   Mar   ,   2010   ,"Burin, civilian vehicle, Palestinian, settlers, West Bank",   0   ,   0   ,   0   ,   No   ,   Firebomb/Incendiary   ,   Arson/Firebombing   ,   Yes   ,   None   ,   No   ,   No
201012020   ,"20 Jul 2010","2 security guards killed in armed attack by Caucasus Emirate in Baksan, Kabardino-Balkariya, Russia",   Russia   ,   Baksan   ,"43.688057,43.536945","Baksan, Kabardin-Balkar, Russia,","Islamic Extremist (Sunni)","On 20 July 2010, at about 4:20 AM, in Baksan, Kabardino-Balkariya, Russia, assailants fired upon and killed two security guards at a hydroelectric power plant.  Later, at about 5:20 AM, at the same power plant, assailants detonated bombs, damaging the power plant but causing no additional injuries.  Caucasus Emirate claimed responsibility.",   20   ,   Jul   ,   2010   ,"additional injuries, Baksan, Balkariya, Caucasus Emirate, hydroelectric power, Kabardino, plant, power, power plant",   2   ,   0   ,   0   ,   Yes   ,   Explosive, Firearm   ,   Armed Attack, Bombing   ,   Yes   ,   Kabardino-Balkariya   ,   No   ,   No
201013924   ,   5 Sep 2010   ,"45 civilians wounded in IED attack in Ghazni, Ghazni, Afghanistan",   Afghanistan   ,   Ghazni   ,"33.550835,68.422501","Ghazni, Ghazni, Afghanistan,","Islamic Extremist (Sunni)","On 5 September 2010, in the evening, in Ghazni, Ghazni, Afghanistan, assailants detonated an improvised explosive device (IED) inside a market, wounding 45 civilians and damaging several shops, several homes, one hotel, and one mosque.  No group claimed responsibility.",   05   ,   Sep   ,   2010   ,"evening, Ghazni, home, hotel, market, mosque, shop",   0   ,   0   ,   45   ,   Yes   ,   Explosive, IED   ,   Bombing   ,   Yes   ,   Ghazni   ,   No   ,   Yes
201009337   ,"18 May 2010","1 peace committee leader killed, 1 civilian injured in armed attack in Swat, Khyber Pakhtunkhwa, Pakistan",   Pakistan   ,   Swat   ,"30.000000,70.000000",   Pakistan,   ,"Islamic Extremist (Sunni)","On 18 May 2010, in Koza Banda, Swat, Khyber Pakhtunkhwa, Pakistan, assailants fired upon people, killing the head of a peace committee and injuring his brother.  No group claimed responsibility.",   18   ,   May   ,   2010   ,"committee, Khyber Pakhtunkhwa, Koza Banda, peace, peace committee, Swat",   1   ,   0   ,   1   ,   Yes   ,   Firearm   ,   Armed Attack   ,   Yes   ,   Khyber Pakhtunkhwa   ,   No   ,   No
201009885   ,"16 May 2010","5 civilians,  1 village chief kidnapped and killed in assault by suspected Maoist faction in Raipur, Chhattisgarh, India",   India   ,   Raipur   ,"21.233334,81.633331","Raipur, Chhattisgarh, India,","Secular/Political/Anarchist","On 16 May 2010, in Raipur, Chhattisgarh, India, assailants kidnapped one village chief and five civilians.  Later, assailants slit the throats of all the victims, killing them.  No group claimed responsibility, although it was widely believed a Maoist faction was responsible.",   16   ,   May   ,   2010   ,"chief, faction, Raipur, throat, village chief",   6   ,   0   ,   0   ,   Yes   ,   Primitive, Unknown   ,   Assault, Kidnapping   ,   Yes   ,   Chhattisgarh   ,   No   ,   No
201010699   ,"30 Jun 2010","1 government official killed in armed attack in Aibak, Samangan, Afghanistan",   Afghanistan   ,   Aibak   ,   36.265278,68.016670   ,   Samangan, Samangan, Afghanistan,   ,   Islamic Extremist (Sunni)   ,   On 30 June 2010, in the evening, in Dara Zhwandoon village, Aibak, Samangan, Afghanistan, armed assailants fired on and killed an National Directorate of Security (NDS) official.  No group claimed responsibility.   ,   30   ,   Jun   ,   2010   ,   Aibak, National Directorate, official, Samangan   ,   1   ,   0   ,   0   ,   Yes   ,   Firearm   ,   Armed Attack   ,   Yes   ,   Samangan   ,   No   ,   No
201005822   ,   17 Feb 2010   ,   1 civilian killed in armed attack by suspected CPI-Maoist in East Singhbhum, Jharkhand, India   ,   India   ,   East Singhbhum   ,   22.596291,86.411980   ,   Purbi Singhbhum, Jharkhand, India,   ,   Secular/Political/Anarchist   ,   On 17 February 2010, in the late evening, in Kalapathar, East Singhbhum, Jharkhand, India, assailants fired upon and killed a civilian at his residence.  No group claimed responsibility, although it was widely believed the Communist Party of India-Maoist (CPI-Maoist) was responsible.   ,   17   ,   Feb   ,   2010   ,   East Singhbhum, India, Jharkhand, late evening, Maoist   ,   1   ,   0   ,   0   ,   Yes   ,   Firearm   ,   Armed Attack   ,   Yes   ,   Jharkhand   ,   No   ,   No
201006056   ,   4 Jan 2010   ,   1 vehicle damaged in IED attack in Ahmadabad, Paktia, Afghanistan   ,   Afghanistan   ,   Ahmadabad   ,   33.491730,69.732224   ,   Paktia, Afghanistan,   ,   Islamic Extremist (Sunni)   ,   On 4 January 2010, in Ahmadabad, Paktia, Afghanistan, assailants detonated an improvised explosive device (IED) targeting a police patrol, damaging one police vehicle but causing no reported injuries.  No group claimed responsibility.   ,   04   ,   Jan   ,   2010   ,   Ahmadabad, Paktia, patrol, police, police patrol, police vehicle, targeting   ,   0   ,   0   ,   0   ,   Yes   ,   Explosive, IED   ,   Bombing   ,   Yes   ,   Paktia   ,   No   ,   Yes
201009737   ,   22 May 2010   ,   District headquarters targeted in Yahya Khel, Paktika, Afghanistan   ,   Afghanistan   ,   Yahya Khel   ,   32.416668,68.750000   ,   Paktika, Afghanistan,   ,   Islamic Extremist (Sunni)   ,   On or about 22 May 2010, in Yahya Khel, Paktika, Afghanistan, assailants attacked the district headquarters by unknown means but caused no injuries or damage.  No group claimed responsibility.   ,   22   ,   May   ,   2010   ,   district headquarters, headquarters, means, Paktika, unknown means, Yahya Khel   ,   0   ,   0   ,   0   ,   No   ,   Unknown   ,   Unknown   ,   Yes   ,   Paktika   ,   No   ,   No
201009880   ,   27 May 2010   ,   2 schools destroyed in IED attack in Safi, Federally Administered Tribal Areas, Pakistan   ,   Pakistan   ,   Safi   ,   34.567780,71.273331   ,   Safi, Federally Administered Tribal Areas, Pakistan,   ,   Islamic Extremist (Sunni)   ,   On 27 May 2010, in Shewa Fersh, Safi, Federally Administered Tribal Areas, Pakistan, assailants detonated two improvised explosive devices (IED), destroying two schools but causing no injuries.  No group claimed responsibility.   ,   27   ,   May   ,   2010   ,   Administered Tribal Areas, Federally, Pakistan, Safi, school   ,   0   ,   0   ,   0   ,   No   ,   Explosive, IED   ,   Bombing   ,   Yes   ,   Federally Administered Tribal Areas   ,   No   ,   Yes
201000597   ,   25 Jan 2010   ,   4 vehicles destroyed, 1 office damaged in arson and vandalism by suspected CPI-Maoist in Keonjhar, Orissa, India   ,   India   ,   Keonjhar   ,   21.633333,85.583336   ,   Keonjhar, Orissa, India,   ,   Secular/Political/Anarchist   ,   On 25 January 2010, in Remal, Keonjhar, Orissa, India, assailants set fire to vehicles and vandalized an office of a private construction company, destroying four vehicles and damaging the office but causing no injuries.  No group claimed responsibility, although it was widely believed the Communist Party of India-Maoist (CPI-Maoist) was responsible.   ,   25   ,   Jan   ,   2010   ,   company, construction, construction company, India, Maoist, Orissa, private construction, private construction company   ,   0   ,   0   ,   0   ,   No   ,   Firebomb/Incendiary   ,   Arson/Firebombing, Vandalism   ,   Yes   ,   Orissa   ,   No   ,   No
201000659   ,   6 Feb 2010   ,   1 educator kidnapped near Tall Abtah, Ninawa, Iraq   ,   Iraq   ,   Tall Abtah   ,   36.520001,42.083889   ,   Tall Abtah, Ninawa, Iraq,   ,   Unknown   ,   On 6 February 2010, near Tall Abtah, Ninawa, Iraq, armed assailants kidnapped an elementary school principal while he was on vacation.  No group claimed responsibility.   ,   06   ,   Feb   ,   2010   ,   elementary school, school, Tall Abtah, vacation   ,   0   ,   1   ,   0   ,   Yes   ,   Firearm   ,   Kidnapping   ,   Yes   ,   Ninawa   ,   No   ,   No
201009383   ,   22 May 2010   ,   4 police officers, 4 civilians wounded in IED attack by Taliban in Manugay, Konar, Afghanistan   ,   Afghanistan   ,   Manugay   ,   34.990002,70.913055   ,   Manogay, Konar, Afghanistan,   ,   Islamic Extremist (Sunni)   ,   On 22 May 2010, in Manugay, Konar, Afghanistan, assailants detonated an improvised explosive device (IED) targeting a police vehicle, wounding four police officers and four civilians and damaging the police vehicle.  The Taliban claimed responsibility.   ,   22   ,   May   ,   2010   ,   Konar, Manugay, police, police vehicle, Taliban, targeting, vehicle   ,   0   ,   0   ,   8   ,   Yes   ,   Explosive, IED   ,   Bombing   ,   Yes   ,   Konar   ,   No   ,   Yes
201015479   ,   29 Sep 2010   ,   1 tribal chief killed in assault by suspected SLA/SLM in Nyala, Janub Darfur, Sudan   ,   Sudan   ,   Nyala   ,   12.050000,24.883333   ,   Nyala, South Darfur, Sudan,   ,   Secular/Political/Anarchist   ,   On or about 29 September 2010, in Al-Salam refugee camp, Nyala, Janub Darfur, Sudan, armed assailants assaulted and killed a tribal chief.  No group claimed responsibility, although it was widely believed the Abdul Wahid faction of the Sudan Liberation Army/Movement (SLA/SLM) was responsible.   ,   29   ,   Sep   ,   2010   ,   Abdul Wahid, Janub Darfur, Nyala, refugee, refugee camp, Salam, Sudan Liberation Army, tribal chief   ,   1   ,   0   ,   0   ,   Yes   ,   Firearm, Primitive   ,   Assault   ,   Yes   ,   Janub Darfur   ,   No   ,   No
201011083   ,   13 Jun 2010   ,   1 vehicle damaged in IED attack in Sowzmah Qalah, Sar-e Pol, Afghanistan",Afghanistan,Sowzmah Qal'ah,"36.065540,66.294640","Sar-e Pol, Afghanistan,",Islamic Extremist (Sunni),"On or about 13 June 2010, in Sowzmah Qal'ah, Sar-e Pol, Afghanistan, assailants detonated an improvised explosive device (IED) targeting a civilian vehicle, damaging the vehicle but causing no injuries.  No group claimed responsibility.",13,Jun,2010,"Afghanistan, civilian vehicle, June, targeting, vehicle",0,0,0,Yes,"Explosive, IED",Bombing,Yes,Sar-e Pol,No,Yes,,,,,,,,,,,,,,,,,,,,,,,,,,,,,,,,,,,,,,,,,,,,,,,,,,,,,,,,,,,,,,,,,,,,,,,,,,,,,,,,,,,,,,,,,,,,,,,,,,,,,,,,,,,,,,,,,,,,,,,,,,,,,,,,,,,,,,,,,,,,,,,,,,,,,,,,,,,,,,,,,,,,,,,,,,,,,,,,,,,,,,,,,,,,,,,,,,,,,,,,,,,,,,,,,,,,,,,,,,,,,,,,,,,,,,,,,,,,,,,,,,,,
201007984,1 Apr 2010,"2 civilians killed in IED attack near 'Ain Zaouia, Tizi Ouzou, Algeria",Algeria,"Ain Zaouia   ,   36.549999,3.900000   ,   Pirette, Tizi Ouzou, Algeria,   ,   Islamic Extremist (Sunni)   ,   On 1 April 2010, at about noon, near Ain Zaouia, Tizi Ouzou, Skikda, Algeria, assailants detonated an improvised explosive device (IED) targeting a convoy from the Canadian company SNC Lavalin and the gendarme escorting it.  The IED exploded after the convoy passed, hitting a taxi behind the convoy, killing the driver and one civilian passenger and destroying the taxi.  No group claimed responsibility.",1,Apr,2010,"Ain Zaouia, civilian passengers, convoy, gendarmes, Skikda, taxi, Tizi Ouzou",2,0,0,Yes,"Explosive, IED",Bombing,Yes,Tizi Ouzou,No,Yes,,,,,,,,,,,,,,,,,,,,,,,,,,,,,,,,,,,,,,,,,,,,,,,,,,,,,,,,,,,,,,,,,,,,,,,,,,,,,,,,,,,,,,,,,,,,,,,,,,,,,,,,,,,,,,,,,,,,,,,,,,,,,,,,,,,,,,,,,,,,,,,,,,,,,,,,,,,,,,,,,,,,,,,,,,,,,,,,,,,,,,,,,,,,,,,,,,,,,,,,,,,,,,,,,,,,,,,,,,,,,,,,,,,,,,,,,,,,,,,,,,,,,,,,,,,,,,,,,,,,,,,,,,
201009628,2 Mar 2010,"1 child killed in armed attack by suspected Huthist rebels in 'Amran, San'a', Yemen",Yemen,"Amran   ,   15.662500,43.944168   ,   `Amran, San`a, Yemen,",Tribal/Clan/Ethnic,"On 2 March 2010, in 'Amran, San'a', Yemen, armed assailants fired upon a residence, killing one child and damaging the residence.  No group claimed responsibility, but it was believed that Huthist rebels were responsible.",2,Mar,2010,"Amran, Huthist, rebels, residence",1,0,0,Yes,Firearm,Armed Attack,Yes,San'a',No,"No
201006038,22 Jan 2010,"1 bridge damaged in IED attack in 'Aliabad, Kondoz, Afghanistan",Afghanistan,"Aliabad   ,   36.543888,68.893608   ,   ??????? ???????, Kondoz, Afghanistan,   ,   Islamic Extremist (Sunni)   ,   On or about 22 January 2010, in Aliabad, Kondoz, Afghanistan, assailants detonated an improvised explosive devices (IED) near a bridge, damaging the bridge but causing no injuries.  No group claimed responsibility.",22,Jan,2010,"Afghanistan, bridge, January, Kondoz",0,0,0,No,"Explosive, IED",Bombing,Yes,Kondoz,No,Yes,,,,,,,,,,,,,,,,,,,,,,,,,,,,,,,,,,,,,,,,,,,,,,,,,,,,,,,,,,,,,,,,,,,,,,,,,,,,,,,,,,,,,,,,,,,,,,,,,,,,,,,,,,,,,,,,,,,,,,,,,,,,,,,,,,,,,,,,,,,,,,,,,,,,,,,,,,,,,,,,,,,,,,,,,,,,,,,,,,,,,,,,,,,,,,,,,,,,,,,,,,,,,,,,,,,,,,,,,,,,,,,,,,,,,,,,,,,,,,,,,,,,,,,,,,,,,,,,,,,,,,,,,,
201007313,2 Apr 2010,"19 paramilitary members, 4 civilians, 2 children killed, 7 civilians wounded in assault and armed attack by suspected ISI in 'Arab Jubur, Babil, Iraq",Iraq,"Arab Jubur   ,   32.726471,44.438080   ,   `Arab Jubur, Babil, Iraq,   ,   Islamic Extremist (Sunni)   ,   On 2 April 2010, at about 9:00 PM, in Arab Jubur, Babil, Iraq, 10 to 20 armed assailants wearing military uniforms stormed three or four Sunni residential compounds, handcuffed the occupants, and shot them in the head, killing 19 Sahwa Council members, four female civilians, and two children and damaging three or four homes.  Medical examinations of the victims later determined that many had broken limb bones prior to being shot.  Seven hostages were wounded, having been handcuffed and tortured, and were subsequently found and freed by Iraqi security forces.  No group claimed responsibility, but authorities suspected the Islamic State of Iraq (ISI) was responsible.",2,Apr,2010,"compound, examination, female civilian, handcuffed, hostage, military uniforms, occupants, residential compound, Sahwa Council, security forces, uniforms",25,0,7,Yes,"Firearm, Other, Primitive","Armed Attack, Assault, Other",Yes,Babil,No,No,,,,,,,,,,,,,,,,,,,,,,,,,,,,,,,,,,,,,,,,,,,,,,,,,,,,,,,,,,,,,,,,,,,,,,,,,,,,,,,,,,,,,,,,,,,,,,,,,,,,,,,,,,,,,,,,,,,,,,,,,,,,,,,,,,,,,,,,,,,,,,,,,,,,,,,,,,,,,,,,,,,,,,,,,,,,,,,,,,,,,,,,,,,,,,,,,,,,,,,,,,,,,,,,,,,,,,,,,,,,,,,,,,,,,,,,,,,,,,,,,,,,,,,,,,,,,,,,,,,,,,,,,,
201000624,20 Jan 2010,"Community targeted in rocket attack in 'En HaShelosha, Southern District, Israel",Israel,"En HaShelosha   ,   31.350000,34.398888   ,   `En HaShelosha, HaDarom, Israel,   ,   Unknown   ,   On 20 January 2010, in En HaShelosha, Southern District, Israel, assailants fired one Qassam rocket at a community, causing no injuries or damage.  No group claimed responsibility.",20,Jan,2010,"community, En HaShelosha, Israel, Qassam, Southern District",0,0,0,No,Missile/Rocket,Armed Attack,Yes,Southern District,No,No,,,,,,,,,,,,,,,,,,,,,,,,,,,,,,,,,,,,,,,,,,,,,,,,,,,,,,,,,,,,,,,,,,,,,,,,,,,,,,,,,,,,,,,,,,,,,,,,,,,,,,,,,,,,,,,,,,,,,,,,,,,,,,,,,,,,,,,,,,,,,,,,,,,,,,,,,,,,,,,,,,,,,,,,,,,,,,,,,,,,,,,,,,,,,,,,,,,,,,,,,,,,,,,,,,,,,,,,,,,,,,,,,,,,,,,,,,,,,,,,,,,,,,,,,,,,,,,,,,,,,,,,,,
201010613,19 Jun 2010,"8 soldiers, 3 civilians, 1 child killed, 12 civilians wounded in armed attack in Adan, 'Adan, Yemen",Yemen,Adan,"12.766667,45.016666","Aden Municipality, `Adan, Yemen,","Islamic Extremist (Sunni), Secular/Political/Anarchist","On 19 June 2010, in Adan, 'Adan, Yemen, four assailants fired small arms and rocket-propelled grenades (RPG) at a building of the Yemeni intelligence service, killing eight military guards, three female civilians, and one child, wounding 12 civilians, and damaging the building.  The assailants also freed approximately 10 prisoners.  Al-Qa'ida in the Arabian Peninsula (AQAP) and Armed Movement for Liberating the South (AMLS) separately claimed responsibility.",19,Jun,2010,"Adan, AQAP, Arabian Peninsula, building, female civilian, Intelligence Service, prison, Yemeni",12,0,12,Yes,"Firearm, RPG",Armed Attack,Yes,"Adan   ,   No   ,   No
201013703   ,   24 Aug 2010   ,   1 civilian killed by Taliban in Mohmand, Federally Administered Tribal Areas, Pakistan   ,   Pakistan   ,   Mohmand   ,   34.500000,71.333336   ,   Mohmand, Federally Administered Tribal Areas, Pakistan,   ,   Islamic Extremist (Sunni)   ,   On 24 August 2010, in Mohmand, Federally Administered Tribal Areas, Pakistan, assailants killed one civilian by unknown means for allegedly spying for the government.  The Taliban claimed responsibility.   ,   24   ,   Aug   ,   2010   ,   Administered Tribal Areas, Federally, means, Mohmand, unknown means   ,   1   ,   0   ,   0   ,   Yes   ,   Unknown   ,   Unknown   ,   Yes   ,   Federally Administered Tribal Areas   ,   No   ,   No
201013707   ,   23 Aug 2010   ,   2 contractors killed in IED attack by Taliban in Landi Kotal, Federally Administered Tribal Areas, Pakistan   ,   Pakistan   ,   Landi Kotal   ,   34.101666,71.146668   ,   Kotal, Federally Administered Tribal Areas, Pakistan,   ,   Islamic Extremist (Sunni)   ,   On 23 August 2010, in Landi Kotal, Federally Administered Tribal Areas, Pakistan, assailants detonated an improvised explosive device (IED) targeting tankers carrying fuel for North Atlantic Treaty Organization (NATO) forces in Afghanistan, killing two drivers and damaging two tankers.  The Taliban claimed responsibility.   ,   23   ,   Aug   ,   2010   ,   Administered Tribal Areas, driver, Federally, fuel, Landi Kotal, NATO, North Atlantic Treaty Organization, tanker   ,   2   ,   0   ,   0   ,   Yes   ,   Explosive, IED   ,   Bombing   ,   Yes   ,   Federally Administered Tribal Areas   ,   No   ,   Yes
200912107   ,   21 Dec 2009   ,   1 journalist wounded in armed attack in Mogadishu, Banaadir, Somalia   ,   Somalia   ,   Mogadishu   ,   2.066667,45.366669   ,   Mogadishu, Banaadir, Somalia,   ,   Islamic Extremist (Sunni)   ,   On 21 December 2009, in the afternoon, in Mogadishu, Banaadir, Somalia, armed assailants fired upon and wounded a journalist.  No group claimed responsibility.   ,   21   ,   Dec   ,   2009   ,   Banaadir, journalist, Mogadishu   ,   0   ,   0   ,   1   ,   Yes   ,   Firearm   ,   Armed Attack   ,   Yes   ,   Banaadir   ,   No   ,   No
201013140   ,   5 Aug 2010   ,   1 truck damaged in arson in Kohi Safi, Parvan, Afghanistan   ,   Afghanistan   ,   Kohi Safi   ,   35.000000,68.916672   ,   Parvan, Afghanistan,   ,   Islamic Extremist (Sunni)   ,   On 5 August 2010, in the evening, in Kohi Safi, Parvan, Afghanistan, assailants set fire to a construction company truck, damaging the truck.  No group claimed responsibility.   ,   05   ,   Aug   ,   2010   ,   company, construction, construction company, Kohi Safi, Parvan, truck   ,   0   ,   0   ,   0   ,   No   ,   Firebomb/Incendiary   ,   Arson/Firebombing   ,   Yes   ,   Parvan   ,   No   ,   No
201007856   ,   3 Apr 2010   ,   3 civilians killed in IED attack in Khowst, Afghanistan   ,   Afghanistan   ,   None   ,   33.383335,69.883331   ,   Khowst, Afghanistan,   ,   Islamic Extremist (Sunni)   ,   On 3 April 2010, in Khowst, Afghanistan, assailants detonated an improvised explosive device (IED) targeting a civilian vehicle, killing three civilians and damaging the vehicle.  No group claimed responsibility.   ,   03   ,   Apr   ,   2010   ,   Afghanistan, April, civilian vehicle, Khowst, targeting, vehicle   ,   3   ,   0   ,   0   ,   Yes   ,   Explosive, IED   ,   Bombing   ,   Yes   ,   Khowst   ,   No   ,   Yes
201010269   ,   20 Jun 2010   ,   7 police officers killed in armed and IED attack by suspected ELN in Tibu, Norte de Santander, Colombia   ,   Colombia   ,   Tibu   ,   8.648056,-72.739441   ,   Tibu, Norte de Santander, Colombia,   ,   Secular/Political/Anarchist   ,   On 20 June 2010, in Tibu, Norte de Santander, Colombia, assailants detonated an improvised explosive device (IED) and fired upon a mobile police patrol, killing seven police officers and damaging one police truck.  No group claimed responsibility, although authorities believed the National Liberation Army (ELN) was responsible.   ,   20   ,   Jun   ,   2010   ,   mobile police, mobile police patrol, National Liberation Army, Norte, police, police truck, Santander, Tibu, truck   ,   7   ,   0   ,   0   ,   Yes   ,   Explosive, Firearm, IED   ,   Armed Attack, Bombing   ,   Yes   ,   Norte de Santander   ,   No   ,   Yes
201000025   ,   7 Jan 2010   ,   1 school, several residences and businesses damaged in IED attack by suspected FARC in Fortul, Arauca, Colombia   ,   Colombia   ,   Fortul   ,   6.790000,-71.779999   ,   Fortul, Arauca, Colombia,   ,   Secular/Political/Anarchist   ,   On 7 January 2010, in Fortul, Arauca, Colombia, assailants detonated a improvised explosive device (IED) at a school, damaging the school, several neighboring homes, and several commercial businesses but causing no injuries.  No group claimed responsibility, although it was widely believed the Revolutionary Armed Forces of Colombia (FARC) was responsible.   ,   07   ,   Jan   ,   2010   ,   Arauca, business, Colombia, FARC, Fortul, Revolutionary, school   ,   0   ,   0   ,   0   ,   No   ,   Explosive, IED   ,   Bombing   ,   Yes   ,   Arauca   ,   No   ,   Yes
201013099   ,   29 Aug 2010   ,   1 civilian wounded in bombing in North Cachar Hills, Assam, India   ,   India   ,   North Cachar Hills   ,   25.500000,93.000000   ,   North Cachar Hills, Assam, India,   ,   Unknown   ,   On 29 August 2010, in Mahendra Market, North Cachar Hills, Assam, India, assailants detonated an explosive device, wounding one civilian and damaging several nearby businesses.  No group claimed responsibility.   ,   29   ,   Aug   ,   2010   ,   Assam, business, India, nearby businesses, North Cachar Hills   ,   0   ,   0   ,   1   ,   Yes   ,   Explosive   ,   Bombing   ,   Yes   ,   Assam   ,   No   ,   No
201007969   ,   19 Apr 2010   ,   2 peace committee members killed, 3 civilians injured in armed attack in Swat, North-West Frontier, Pakistan   ,   Pakistan   ,   Swat   ,   35.378334,72.179726   ,   Swat, North-West Frontier, Pakistan,   ,   Islamic Extremist (Sunni)   ,   On 19 April 2010, in Koza Bandai, Swat, North-West Frontier, Pakistan, armed assailants fired upon a group of people, killing two members of a peace committee and injuring three civilians.  No group claimed responsibility.   ,   19   ,   Apr   ,   2010   ,   committee, peace, peace committee, Swat, West Frontier   ,   2   ,   0   ,   3   ,   Yes   ,   Firearm   ,   Armed Attack   ,   Yes   ,   North-West Frontier (Historical)   ,   No   ,   No
201000005   ,   1 Jan 2010   ,   1 police officer wounded in armed attack in Tall Afar, Ninawa, Iraq",Iraq,Tall 'Afar,"36.375557,42.449722","Tall `Afar, Ninawa, Iraq,",Unknown,"On 1 January 2010, in the Uruba district of northern Tall 'Afar, Ninawa, Iraq, assailants fired upon and wounded a police officer while he was on a break.  No group claimed responsibility.",1,Jan,2010,"break, district, January, Ninawa, Uruba",0,0,1,Yes,Firearm,Armed Attack,Yes,Ninawa,No,No,,,,,,,,,,,,,,,,,,,,,,,,,,,,,,,,,,,,,,,,,,,,,,,,,,,,,,,,,,,,,,,,,,,,,,,,,,,,,,,,,,,,,,,,,,,,,,,,,,,,,,,,,,,,,,,,,,,,,,,,,,,,,,,,,,,,,,,,,,,,,,,,,,,,,,,,,,,,,,,,,,,,,,,,,,,,,,,,,,,,,,,,,,,,,,,,,,,,,,,,,,,,,,,,,,,,,,,,,,,,,,,,,,,,,,,,,,,,,,,,,,,,
201007209,30 Mar 2010,"3 government employees wounded in IED attack near 'Akashat, Al Anbar, Iraq",Iraq,"Akashat   ,   33.250000,40.583332   ,   `Akashat, Al-Anbar, Iraq,   ,   Unknown   ,   On 30 March 2010, near Akashat, Al Anbar, Iraq, assailants detonated an improvised explosive device (IED) on railway tracks near a freight train, wounding three train workers and damaging the railway tracks and one train.  No group claimed responsibility.",30,Mar,2010,"freight, freight train, railway, railway track, track, train",0,0,3,Yes,"Explosive, IED",Bombing,Yes,Al Anbar,No,Yes,,,,,,,,,,,,,,,,,,,,,,,,,,,,,,,,,,,,,,,,,,,,,,,,,,,,,,,,,,,,,,,,,,,,,,,,,,,,,,,,,,,,,,,,,,,,,,,,,,,,,,,,,,,,,,,,,,,,,,,,,,,,,,,,,,,,,,,,,,,,,,,,,,,,,,,,,,,,,,,,,,,,,,,,,,,,,,,,,,,,,,,,,,,,,,,,,,,,,,,,,,,,,,,,,,,,,,,,,,,,,,,,,,,,,,,,,,,,,,,,,,,,,,,,,,,,,,,,,,,,,,,,,,
201012664,2 Aug 2010,"1 civilian killed, 5 others wounded in rocket attack by suspected Izz al-Din al-Qassam Brigades in Al 'Aqabah, 'Amman, Jordan",Jordan,Al 'Aqabah,"31.583332,36.333332","Al 'Asimah, Amman, Jordan,",Islamic Extremist (Sunni),"On 2 August 2010, at about 7:45 AM, in Al 'Aqabah, 'Amman, Jordan, assailants fired one Grad-type rocket at a community, killing one civilian, wounding five others, and damaging three vehicles and the nearby Inter-Continental hotel.  No group claimed responsibility, but authorities believed the Izz al-Din al-Qassam Brigades were responsible.",2,Aug,2010,"Amman, Grad, hotel, Inter, Jordan, Qassam Brigades, type, type rockets",1,0,5,Yes,Missile/Rocket,Armed Attack,Yes,"Amman   ,   No   ,   No
201009006   ,   6 May 2010   ,   1 civilian kidnapped in hijacking by ONH in Derry, Northern Ireland, United Kingdom   ,   United Kingdom   ,   Derry   ,   54.641460,-6.819180   ,   Northern Ireland, United Kingdom,   ,   Secular/Political/Anarchist   ,   On 6 May 2010, at about 10:00 PM, in Derry, Northern Ireland, United Kingdom, assailants hijacked a taxi, kidnapping the driver and forcing him to drive to the Templemore Sports Complex.  Authorities found and defused safely defused an improvised explosive device (IED) inside the taxi.  Oglaigh na hEireann (ONH) claimed responsibility.   ,   06   ,   May   ,   2010   ,   Derry, Kingdom, Northern Ireland, taxi   ,   0   ,   1   ,   0   ,   Yes   ,   Explosive, IED   ,   Hijacking, Near Miss/Non Attack Incident   ,   Yes   ,   Northern Ireland   ,   No   ,   Yes
201011502   ,   2 Jul 2010   ,   7 civilians kidnapped and killed, 33 others kidnapped by suspected Taliban in Speyrah, Khowst, Afghanistan   ,   Afghanistan   ,   Speyrah   ,   33.202221,69.515282   ,   Sperah, Khowst, Afghanistan,   ,   Islamic Extremist (Sunni)   ,   On 2 July 2010, in the evening, in Speyrah, Khowst, Afghanistan, assailants kidnapped 40 civilians for allegedly working for the Afghan government, and later killed seven of the victims by unknown means.  No group claimed responsibility, although it was widely believed the Taliban was responsible.   ,   02   ,   Jul   ,   2010   ,   Afghan, Khowst, means, Speyrah, unknown means   ,   7   ,   33   ,   0   ,   Yes   ,   Unknown   ,   Kidnapping, Unknown   ,   Yes   ,   Khowst   ,   No   ,   No
201000294   ,   4 Jan 2010   ,   7 political affiliates kidnapped by suspected HAMAS in Gaza City, Gaza Strip   ,   Gaza Strip   ,   Gaza City   ,   31.506933,34.455967   ,   Gaza, Gaza Strip,   ,   Islamic Extremist (Sunni)   ,   On 4 January 2010, in Gaza City, Gaza Strip, armed assailants kidnapped seven members of Fatah.  No group claimed responsibility, but it was believed that HAMAS was responsible.   ,   04   ,   Jan   ,   2010   ,   Fatah, Gaza City, Gaza Strip, HAMAS   ,   0   ,   7   ,   0   ,   Yes   ,   Firearm   ,   Kidnapping   ,   Yes   ,   None   ,   No   ,   No
201013418   ,   21 Aug 2010   ,   6 police officers killed in armed attack by suspected Taliban in Nahr-i-Saraj, Helmand, Afghanistan   ,   Afghanistan   ,   Nahr-i-Saraj   ,   31.000000,64.000000   ,   Helmand, Afghanistan,   ,   Islamic Extremist (Sunni)   ,   On 21 August 2010, at 4:00 AM, in Nahr-i-Saraj, Helmand, Afghanistan, assailants fired on a police checkpoint, killing six police officers and damaging the checkpoint.  The assailants also stole one police vehicle.  No group claimed responsibility, although it was widely believed the Taliban was responsible.   ,   21   ,   Aug   ,   2010   ,   checkpoint, Helmand, Nahr, police, police checkpoint, police vehicle, Saraj   ,   6   ,   0   ,   0   ,   Yes   ,   Firearm   ,   Armed Attack, Theft   ,   Yes   ,   Helmand   ,   No   ,   No
201008163   ,   12 Apr 2010   ,   2 soldiers killed, 6 others, 12 people wounded in VBIED attack in Abu Ghurayb, Al Anbar, Iraq   ,   Iraq   ,   Abu Ghurayb   ,   33.308334,44.185001   ,   Abu Ghurayb, Al-Anbar, Iraq,   ,   Unknown   ,   On 12 April 2010, at about 3:00 PM, in Abu Ghurayb, Al Anbar, Iraq, assailants detonated a vehicle-borne improvised explosive device (VBIED) near a passing military patrol, killing two soldiers, wounding between three and six others and 12 people, and damaging three military vehicles and one nearby building.  No group claimed responsibility.   ,   12   ,   Apr   ,   2010   ,   Abu Ghurayb, Al Anbar, building, military patrol, military vehicle, nearby buildings, soldiers, vehicle   ,   2   ,   0   ,   18   ,   Yes   ,   IED, Vehicle bomb   ,   Bombing   ,   Yes   ,   Al Anbar   ,   No   ,   Yes
201009993   ,   8 Jun 2010   ,   1 civilian killed in Miram Shah, Federally Administered Tribal Areas, Pakistan   ,   Pakistan   ,   Miram Shah   ,   33.008610,70.069725   ,   Miran Shah, Federally Administered Tribal Areas, Pakistan,   ,   Islamic Extremist (Sunni)   ,   On 8 June 2010, in Miram Shah, Federally Administered Tribal Areas, Pakistan, assailants killed a civilian by unknown means.  No group claimed responsibility.   ,   08   ,   Jun   ,   2010   ,   Administered Tribal Areas, Federally, means, Miram Shah, unknown means   ,   1   ,   0   ,   0   ,   Yes   ,   Unknown   ,   Unknown   ,   Yes   ,   Federally Administered Tribal Areas   ,   No   ,   No
201007677   ,   15 Apr 2010   ,   1 police officer, 1 civilian killed in armed attack by suspected Muslim separatists in Yarang, Pattani, Thailand   ,   Thailand   ,   Yarang   ,   6.772778,101.313332   ,   Yarang, Pattani, Thailand,   ,   Secular/Political/Anarchist   ,   On 15 April 2010, in the afternoon, in Loboh Bala, Yarang, Pattani, Thailand, armed assailants fired upon people, killing one police officer and one civilian and damaging a vehicle.  No group claimed responsibility, but authorities believed Muslim separatists were responsible.   ,   15   ,   Apr   ,   2010   ,   afternoon, authorities, Pattani, People, separatists, Thailand, Yarang   ,   2   ,   0   ,   0   ,   Yes   ,   Firearm   ,   Armed Attack   ,   Yes   ,   Pattani   ,   No   ,   No
201012877   ,   31 Jul 2010   ,   5 police officers, 2 civilians wounded in IED attack by Shield of Islam Brigade in Mosul, Ninawa, Iraq   ,   Iraq   ,   Mosul   ,   36.400002,43.200001   ,   Muhafazat Ninawa, Ninawa, Iraq,   ,   Islamic Extremist (Sunni)   ,   On 31 July 2010, in the western Zanjili neighborhood of Mosul, Ninawa, Iraq, assailants detonated a roadside improvised explosive device (IED) targeting a police patrol, wounding five police officers and two civilians and damaging one vehicle and several nearby shops.  Shield of Islam Brigade claimed responsibility.   ,   31   ,   Jul   ,   2010   ,   Islam Brigade, Mosul, nearby shops, Shield, shop, targeting, Zanjili   ,   0   ,   0   ,   7   ,   Yes   ,   Explosive, IED   ,   Bombing   ,   Yes   ,   Ninawa   ,   No   ,   Yes
201014302   ,   15 Aug 2010   ,   1 police officer killed, 2 others, 3 civilians wounded in IED attack in Mosul, Ninawa, Iraq   ,   Iraq   ,   Mosul   ,   36.400002,43.200001   ,   Muhafazat Ninawa, Ninawa, Iraq,   ,   Islamic Extremist (Sunni)   ,   On 15 August 2010, in Mosul, Ninawa, Iraq, assailants detonated an improvised explosive device (IED) targeting a passing police patrol, killing one police officer and wounding two others and three nearby civilians.  No group claimed responsibility.   ,   15   ,   Aug   ,   2010   ,   August, Mosul, nearby civilians, Ninawa, others, patrol, police, police patrol, targeting   ,   1   ,   0   ,   5   ,   Yes   ,   Explosive, IED   ,   Bombing   ,   Yes   ,   Ninawa   ,   No   ,   Yes
201005992   ,   22 Feb 2010   ,   2 political affiliates kidnapped and killed in armed attack by CPI-Maoist in Puruliya, West Bengal, India   ,   India   ,   Puruliya   ,   23.333332,86.366669   ,   Purulia, West Bengal, India,   ,   Secular/Political/Anarchist   ,   On 22 February 2010 or 23 February 2010, at about 12:30 AM, in Puruliya, West Bengal, India, assailants kidnapped two Communist Party of India-Marxist (CPI-M) leaders from their homes and later fired upon and killed both victims.  The Communist Party of India-Maoist (CPI-Maoist) claimed responsibility.   ,   22   ,   Feb   ,   2010   ,   India, Marxist, Puruliya   ,   2   ,   0   ,   0   ,   Yes   ,   Firearm   ,   Armed Attack, Kidnapping   ,   Yes   ,   West Bengal   ,   No   ,   No
201014072   ,   18 Sep 2010   ,   4 civilians killed in armed attack by suspected RKK in Bacho, Narathiwat, Thailand   ,   Thailand   ,   Bacho   ,   6.616667,101.650002   ,   Bacho, Narathiwat, Thailand,   ,   Secular/Political/Anarchist   ,   On 18 September 2010, in the village of Ban Hu Tae Yua Lor, Bacho, Narathiwat, Thailand, about ten armed assailants fired upon and killed four Buddhist family members in their houses, then set fire to and destroyed three houses.  No group claimed responsibility, but authorities believed that Pattani State Restoration (RKK) was responsible.   ,   18   ,   Sep   ,   2010   ,   Bacho, family, family members, house, Narathiwat, Pattani State Restoration   ,   4   ,   0   ,   0   ,   Yes   ,   Firearm, Firebomb/Incendiary   ,   Armed Attack, Arson/Firebombing   ,   Yes   ,   Narathiwat   ,   No   ,   No
201000166   ,   18 Jan 2010   ,   1 farm damaged, 44 cattle killed in bombing and armed attack by suspected FARC in Barrancas, La Guajira, Colombia   ,   Colombia   ,   Barrancas   ,   10.958889,-72.790832   ,   Barrancas, La Guajira, Colombia,   ,   Secular/Political/Anarchist   ,   On 18 January 2010, at about 5:00 PM, in Pozo Hondo, Barrancas, La Guajira, Colombia, assailants detonated explosives at the La Loma farm, destroying the farm but causing no injuries.  The assailants also fired upon and killed up to 44 head of cattle.  No group claimed responsibility, but it was widely believed the Revolutionary Armed Forces of Colombia (FARC) was responsible.   ,   18   ,   Jan   ,   2010   ,   Barranca, cattle, Colombia, explosives, farm, head, La Guajira   ,   0   ,   0   ,   0   ,   No   ,   Explosive, Firearm   ,   Armed Attack, Bombing   ,   Yes   ,   La Guajira   ,   No   ,   No
201009781   ,   9 May 2010   ,   1 police officer killed in armed attack in Baksanskiy Rayon, Kabardino-Balkariya, Russia   ,   Russia   ,   Baksanskiy Rayon   ,   43.750000,43.500000   ,   Baksanskiy Rayon, Kabardin-Balkar, Russia,   ,   Islamic Extremist (Sunni)   ,   On 9 May 2010, at about 11:45 PM, in Baksanskiy Rayon, Kabardino-Balkariya, Russia, armed assailants fired upon a traffic checkpoint, killing a police officer and damaging the checkpoint.  No group claimed responsibility.   ,   09   ,   May   ,   2010   ,   Baksanskiy Rayon, Balkariya, checkpoint, Kabardino, Russia, traffic   ,   1   ,   0   ,   0   ,   Yes   ,   Firearm   ,   Armed Attack   ,   Yes   ,   Kabardino-Balkariya   ,   No   ,   No
201012959   ,   16 Aug 2010   ,   1 tribal chief killed in armed attack in Monkayo, Compostela Valley, Philippines   ,   Philippines   ,   Monkayo   ,   7.540000,126.000000   ,   Compostela Valley, Philippines,   ,   Unknown   ,   On 16 August 2010, in Monkayo, Compostela Valley, Philippines, armed assailants fired upon and killed a tribal chief in a restaurant.  No group claimed responsibility.   ,   16   ,   Aug   ,   2010   ,   Compostela Valley, Monkayo, restaurant, tribal chief   ,   1   ,   0   ,   0   ,   Yes   ,   Firearm   ,   Armed Attack   ,   Yes   ,   Compostela Valley   ,   No   ,   No
201013555   ,   18 Aug 2010   ,   1 government employee killed in armed attack in Baghdad, Iraq   ,   Iraq   ,   Baghdad   ,   33.340584,44.400875   ,   Baghdad, Baghdad, Iraq,   ,   Unknown   ,   On 18 August 2010, in the western Mansur district of Baghdad, Iraq, assailants fired upon a Housing Ministry employees vehicle, killing the employee and damaging the vehicle.  No group claimed responsibility.",18,Aug,2010,"employee, Housing Ministry, Mansur, s vehicle, vehicle",1,0,0,Yes,Firearm,Armed Attack,Yes,Baghdad,No,No,,,,,,,,,,,,,,,,,,,,,,,,,,,,,,,,,,,,,,,,,,,,,,,,,,,,,,,,,,,,,,,,,,,,,,,,,,,,,,,,,,,,,,,,,,,,,,,,,,,,,,,,,,,,,,,,,,,,,,,,,,,,,,,,,,,,,,,,,,,,,,,,,,,,,,,,,,,,,,,,,,,,,,,,,,,,,,,,,,,,,,,,,,,,,,,,,,,,,,,,,,,,,,,,,,,,,,,,,,,,,,,,,,,,,,,,,,,,,,,,,,,,,,,,,,
200911742,27 Dec 2009,"Several police stations damaged in armed attacks in Adan, 'Adan, Yemen",Yemen,Adan,"12.766667,45.016666","Aden Municipality, `Adan, Yemen,",Unknown,"On 27 December 2009, in Adan, 'Adan, Yemen, armed assailants on a motorcycle fired upon several police stations, damaging the police stations but causing no injuries.  No group claimed responsibility.",27,Dec,2009,"Adan, motorcycle, police station, station",0,0,0,Yes,Firearm,Armed Attack,Yes,"Adan   ,   No   ,   No
201012909   ,   9 Aug 2010   ,   1 police officer killed in armed attack in Quetta, Balochistan, Pakistan   ,   Pakistan   ,   Quetta   ,   30.166668,67.000000   ,   Quetta, Balochistan, Pakistan,   ,   Unknown   ,   On 9 August 2010, in Kili Barozai, Quetta, Balochistan, Pakistan, armed assailants fired upon and killed an off-duty police officer.  No group claimed responsibility.   ,   09   ,   Aug   ,   2010   ,   Balochistan, duty, duty police, duty police officer, Quetta   ,   1   ,   0   ,   0   ,   Yes   ,   Firearm   ,   Armed Attack   ,   Yes   ,   Balochistan   ,   No   ,   No
201011734   ,   28 Jul 2010   ,   2 vehicles destroyed in arson by suspected Maoist faction in West Midnapore, West Bengal, India   ,   India   ,   West Midnapore   ,   24.000000,88.000000   ,   West Bengal, India,   ,   Secular/Political/Anarchist   ,   On 28 July 2010, in West Midnapore, West Bengal, India, assailants set vehicles on fire, destroying one motorcycle and one tractor but causing no injuries.  No group claimed responsibility, although it was widely believed a Maoist faction was responsible.   ,   28   ,   Jul   ,   2010   ,   faction, fire, motorcycle, tractor, West Bengal, West Midnapore   ,   0   ,   0   ,   0   ,   No   ,   Firebomb/Incendiary   ,   Arson/Firebombing   ,   Yes   ,   West Bengal   ,   No   ,   No
201013495   ,   26 Aug 2010   ,   2 police officers wounded in RPG attack by Taliban near Pol-e Alam, Lowgar, Afghanistan",Afghanistan,Pol-e 'Alam,"34.038334,69.020836","Kolangar, Lowgar, Afghanistan,",Islamic Extremist (Sunni),"On 26 August 2010, near Pol-e 'Alam, Lowgar, Afghanistan, assailants fired rocket propelled grenades (RPG) at a police vehicle, wounding two police officers and damaging the vehicle.  The Taliban claimed responsibility.",26,Aug,2010,"Alam, grenade, Lowgar, police vehicle, vehicle",0,0,2,Yes,RPG,Armed Attack,Yes,Lowgar,No,No,,,,,,,,,,,,,,,,,,,,,,,,,,,,,,,,,,,,,,,,,,,,,,,,,,,,,,,,,,,,,,,,,,,,,,,,,,,,,,,,,,,,,,,,,,,,,,,,,,,,,,,,,,,,,,,,,,,,,,,,,,,,,,,,,,,,,,,,,,,,,,,,,,,,,,,,,,,,,,,,,,,,,,,,,,,,,,,,,,,,,,,,,,,,,,,,,,,,,,,,,,,,,,,,,,,,,,,,,,,,,,,,,,,,,,,,,,,,,,,,,,,,
201007901,20 Apr 2010,"8 contractors kidnapped by suspected Taliban in 'Aliabad, Kondoz, Afghanistan",Afghanistan,"Aliabad   ,   36.543888,68.893608   ,   ??????? ???????, Kondoz, Afghanistan,   ,   Islamic Extremist (Sunni)   ,   On 20 April 2010, in the morning, in Omar Khil, Aliabad, Kondoz, Afghanistan, assailants kidnapped eight employees of a road construction company (7 Afghan; 1 Pakistani).  No group claimed responsibility, although it was widely believed the Taliban was responsible.",20,Apr,2010,"Afghan, company, construction, construction company, Kondoz, Pakistani, road construction, road construction company",0,8,0,Yes,Unknown,Kidnapping,Yes,Kondoz,No,No,,,,,,,,,,,,,,,,,,,,,,,,,,,,,,,,,,,,,,,,,,,,,,,,,,,,,,,,,,,,,,,,,,,,,,,,,,,,,,,,,,,,,,,,,,,,,,,,,,,,,,,,,,,,,,,,,,,,,,,,,,,,,,,,,,,,,,,,,,,,,,,,,,,,,,,,,,,,,,,,,,,,,,,,,,,,,,,,,,,,,,,,,,,,,,,,,,,,,,,,,,,,,,,,,,,,,,,,,,,,,,,,,,,,,,,,,,,,,,,,,,,,,,,,,,,,,,,,,,,,,,,,,,
201014695,31 Aug 2010,"1 cleric killed, 1 police officer, 7 civilians wounded in armed attack in 'Ain Defla, Ain Defla, Algeria",Algeria,"Ain Defla   ,   36.268055,1.967500   ,   Ain Defla, A?n Defla, Algeria,",Unknown,"On 31 August 2010, at about 9:00 PM, in 'Ain Defla, Ain Defla, Algeria, assailants entered a mosque and fired upon attendants of the evening prayer, killing one Muslim sheikh, wounding one police officer and seven civilians, and damaging the mosque.  No group claimed responsibility.",31,Aug,2010,"Ain Defla, Algeria, attendant, evening, evening prayers, mosque, prayers, sheikh",1,0,8,Yes,Firearm,Armed Attack,Yes,Ain Defla,No,"No
201006658,15 Mar 2010,"Unknown target in bombing in Adan, 'Adan, Yemen",Yemen,Adan,"12.766667,45.016666","Aden Municipality, `Adan, Yemen,",Unknown,"On 15 March 2010, between 10:30 PM and 11:00 PM, in Adan, 'Adan, Yemen, assailants detonated up to five explosives, causing no injuries or damage.  No group claimed responsibility.",15,Mar,2010,"Adan, damage, explosives, March",0,0,0,No,Explosive,Bombing,Yes,"Adan   ,   No   ,   No
201010145   ,   3 Jun 2010   ,   1 civilian killed, 4 others wounded in IED attack near As Sadiyah, Diyala, Iraq",Iraq,As Sa'diyah,"34.188072,45.117268","As Sa`diyah, Diyala, Iraq,",Unknown,"On 3 June 2010, between As Sa'diyah, Diyala, Iraq, and Mandali, Diyala, Iraq, assailants detonated a roadside improvised explosive device (IED) near a civilian vehicle, killing one civilian, wounding four others, and damaging one vehicle.  No group claimed responsibility.",3,Jun,2010,"As Sa, civilian vehicle, Diyala, Mandali, roadside, vehicle",1,0,4,Yes,"Explosive, IED",Bombing,Yes,Diyala,No,Yes,,,,,,,,,,,,,,,,,,,,,,,,,,,,,,,,,,,,,,,,,,,,,,,,,,,,,,,,,,,,,,,,,,,,,,,,,,,,,,,,,,,,,,,,,,,,,,,,,,,,,,,,,,,,,,,,,,,,,,,,,,,,,,,,,,,,,,,,,,,,,,,,,,,,,,,,,,,,,,,,,,,,,,,,,,,,,,,,,,,,,,,,,,,,,,,,,,,,,,,,,,,,,,,,,,,,,,,,,,,,,,,,,,,,,,,,,,,,,,,,,,,,
201008108,22 Apr 2010,"1 warehouse damaged in rocket attack in Al 'Aqabah, 'Amman, Jordan",Jordan,Al 'Aqabah,"31.583332,36.333332","Al 'Asimah, Amman, Jordan,",Unknown,"On 22 April 2010, in Al 'Aqabah, 'Amman, Jordan, assailants fired one 122mm Grad-type rocket and one Katyusha rocket towards a community, one of which damaged a warehouse but caused no injuries.  The other rocket fell into the Red Sea near the Israeli border.  No group claimed responsibility.",22,Apr,2010,"Amman, Grad, Jordan, rockets, type, type rockets, warehouse",0,0,0,No,Missile/Rocket,Armed Attack,Yes,"Amman   ,   No   ,   No
201011627   ,   19 Jul 2010   ,   Several vehicles destroyed in arson, 1 office damaged by CPI-Maoist in Jamshedpur, Jharkhand, India   ,   India   ,   Jamshedpur   ,   22.799999,86.183334   ,   Jamshedpur, Jharkhand, India,   ,   Secular/Political/Anarchist   ,   On 19 July 2010, in Bhaduwa village, Ghatsila, Jamshedpur, Jharkhand, India, assailants damaged one construction office by unknown means.  Later, assailants set fire to several construction vehicles, destroying the vehicles but causing no injuries.  The Communist Party of India-Maoist (CPI-Maoist) claimed responsibility.   ,   19   ,   Jul   ,   2010   ,   construction, construction vehicles, Ghatsila, India, Jamshedpur, Jharkhand, Maoist   ,   0   ,   0   ,   0   ,   No   ,   Firebomb/Incendiary, Unknown   ,   Arson/Firebombing, Unknown   ,   Yes   ,   Jharkhand   ,   No   ,   No
201013387   ,   28 Aug 2010   ,   1 civilian killed, 2 others injured by suspected Taliban in Asmar, Konar, Afghanistan   ,   Afghanistan   ,   Asmar   ,   35.033188,71.357704   ,   Asmar, Konar, Afghanistan,   ,   Islamic Extremist (Sunni)   ,   On 28 August 2010, in the night, in Asmar, Konar, Afghanistan, assailants attacked a North Atlantic Treaty Organization (NATO) convoy by unknown means but instead affected a group of civilian bystanders, killing one civilian and injuring two others.  No group claimed responsibility, although it was widely believed the Taliban was responsible.   ,   28   ,   Aug   ,   2010   ,   Asmar, bystanders, civilian bystanders, Konar, NATO, North Atlantic Treaty Organization   ,   1   ,   0   ,   2   ,   Yes   ,   Unknown   ,   Unknown   ,   Yes   ,   Konar   ,   No   ,   No
201012883   ,   31 Jul 2010   ,   Unknown target in IED attack in Mosul, Ninawa, Iraq   ,   Iraq   ,   Mosul   ,   36.400002,43.200001   ,   Muhafazat Ninawa, Ninawa, Iraq,   ,   Unknown   ,   On 31 July 2010, in Mosul, Ninawa, Iraq, an improvised explosive device (IED) detonated during placement, causing no injuries or damage.  No group claimed responsibility.   ,   31   ,   Jul   ,   2010   ,   damage, July, Mosul, Ninawa, placement   ,   0   ,   0   ,   0   ,   Yes   ,   Explosive, IED   ,   Bombing   ,   Yes   ,   Ninawa   ,   No   ,   Yes
201013683   ,   17 Aug 2010   ,   4 civilians kidnapped by suspected al-Shabaab al-Islamiya in Shabeellaha Dhexe, Somalia   ,   Somalia   ,   None   ,   3.000000,46.000000   ,   Shabeellaha Dhexe, Somalia,   ,   Islamic Extremist (Sunni)   ,   On or about 17 August 2010, in Shabeellaha Dhexe, Somalia, assailants kidnapped four civilians.  No group claimed responsibility, although it was widely believed al-Shabaab al-Islamiya was responsible.   ,   17   ,   Aug   ,   2010   ,   Islamiya, Shabaab, Shabeellaha Dhexe, Somalia   ,   0   ,   4   ,   0   ,   Yes   ,   Unknown   ,   Kidnapping   ,   Yes   ,   Shabeellaha Dhexe   ,   No   ,   No
201006422   ,   7 Mar 2010   ,   Polling station targeted in mortar attack in Al Fallujah, Al Anbar, Iraq   ,   Iraq   ,   Al Fallujah   ,   33.353794,43.779511   ,   Al Fallujah, Al-Anbar, Iraq,   ,   Islamic Extremist (Sunni)   ,   On 7 March 2010, at about 11:55 AM, in northern Al Fallujah, Al Anbar, Iraq, assailants fired two mortar rounds at a polling station, causing no injuries or damage.  No group claimed responsibility.   ,   07   ,   Mar   ,   2010   ,   Al Anbar, Al Fallujah, mortar, mortar rounds, rounds, station   ,   0   ,   0   ,   0   ,   No   ,   Mortar/Artillery   ,   Armed Attack   ,   Yes   ,   Al Anbar   ,   No   ,   No
201012836   ,   29 Jul 2010   ,   6 soldiers, 3 police officers, 7 civilians killed, 7 police officers, 7 civilians wounded in multiple IED and armed attack by ISI in Baghdad, Iraq   ,   Iraq   ,   Baghdad   ,   33.340584,44.400875   ,   Baghdad, Baghdad, Iraq,   ,   Islamic Extremist (Sunni)   ,   On 29 July 2010, at 3:00 PM, in the Azamiyah district of Baghdad, Iraq, assailants fired upon a checkpoint and detonated five improvised explosive devices (IED) in a coordinated attack targeting government forces in the northern Grai'ai neighborhood, killing six soldiers, three police officers, and seven civilians; wounding seven police officers and seven civilians; and damaging one military vehicle and the checkpoint.  The Islamic State of Iraq (ISI) claimed responsibility.",29,Jul,2010,"attack, checkpoint, government, government forces, Islamic State, military vehicle, police officers, soldiers, targeting government",16,0,14,Yes,"Explosive, Firearm, IED","Armed Attack, Bombing",Yes,Baghdad,No,"Yes
201007026,24 Mar 2010,"1 soldier killed in armed attack by suspected separatists in Haraf Sofian, 'Amran, Yemen",Yemen,Haraf Sofian,"16.083332,43.750000","Amran, Amran, Yemen,   ,   Secular/Political/Anarchist   ,   On 24 March 2010, in Haraf Sofian, Amran, Yemen, armed assailants fired upon and killed one soldier.  No group claimed responsibility, but it was believed that local separatist elements were responsible.",24,Mar,2010,"Amran, elements, separatist elements, soldiers",1,0,0,Yes,Firearm,Armed Attack,Yes,"Amran   ,   No   ,   No
201009073   ,   5 May 2010   ,   1 civilian killed in armed attack in Mosul, Ninawa, Iraq   ,   Iraq   ,   Mosul   ,   36.400002,43.200001   ,   Muhafazat Ninawa, Ninawa, Iraq,   ,   Unknown   ,   On 5 May 2010, in Mosul, Ninawa, Iraq, armed assailants entered a store and fired upon the owner, killing the owner and damaging the store.  No group claimed responsibility.   ,   05   ,   May   ,   2010   ,   Mosul, Ninawa, owner, store   ,   1   ,   0   ,   0   ,   Yes   ,   Firearm   ,   Armed Attack   ,   Yes   ,   Ninawa   ,   No   ,   No
201007821   ,   9 Apr 2010   ,   School targeted in IED attack in Meymaneh, Faryab, Afghanistan   ,   Afghanistan   ,   Meymaneh   ,   35.921391,64.783608   ,   Meymaneh, Faryab, Afghanistan,   ,   Islamic Extremist (Sunni)   ,   On 9 April 2010, at 11:00 AM, in Afghan Kot, Meymaneh, Faryab, Afghanistan, assailants detonated an improvised explosive device (IED) near Abu-Obaida High School but caused no injuries or damage.  No group claimed responsibility.   ,   09   ,   Apr   ,   2010   ,   Afghanistan, April, damage, Faryab, high school, Meymaneh   ,   0   ,   0   ,   0   ,   No   ,   Explosive, IED   ,   Bombing   ,   Yes   ,   Faryab   ,   No   ,   Yes
201000352   ,   8 Jan 2010   ,   Communities targeted in armed attack by the National Resistance Brigades in the Negev, Southern District, Israel   ,   Israel   ,   Negev   ,   30.500000,34.916668   ,   Negev, HaDarom, Israel,   ,   Secular/Political/Anarchist   ,   On 8 January 2010, in the Negev, Southern District, Israel, assailants attempted to fire a rocket at communities but were unsuccessful in launching it, causing no injuries or damage.  The National Resistance Brigades claimed responsibility.   ,   08   ,   Jan   ,   2010   ,   community, Israel, National Resistance Brigades, Negev, Southern District   ,   0   ,   0   ,   0   ,   No   ,   Missile/Rocket   ,   Armed Attack   ,   Yes   ,   Southern District   ,   No   ,   No
201005896   ,   25 Feb 2010   ,   2 civilians killed in armed attack in Mosul, Ninawa, Iraq   ,   Iraq   ,   Mosul   ,   36.400002,43.200001   ,   Muhafazat Ninawa, Ninawa, Iraq,   ,   Islamic Extremist (Sunni)   ,   On 25 February 2010, in eastern Mosul, Ninawa, Iraq, assailants fired upon an auto repair shop, killing the two Shabak shop owners and damaging the store.  No group claimed responsibility.   ,   25   ,   Feb   ,   2010   ,   auto, auto repair, auto repair shop, repair, repair shop, Shabak, shop, shop owner   ,   2   ,   0   ,   0   ,   Yes   ,   Firearm   ,   Armed Attack   ,   Yes   ,   Ninawa   ,   No   ,   No
201012831   ,   18 Aug 2010   ,   Several residences destroyed in arson by suspected Naga militants in Sibsagar, Assam, India   ,   India   ,   Sibsagar   ,   26.750000,94.216667   ,   Jorhat, Assam, India,   ,   Tribal/Clan/Ethnic   ,   On 18 August 2010, in the evening, in Charaipung, Sibsagar, Assam, India, assailants set fire to residences at a tea plantation, destroying several residences but causing no injuries.  No group claimed responsibility, although it was believed Naga militants were responsible.   ,   18   ,   Aug   ,   2010   ,   Assam, militants, Naga, plantation, residence, Sibsagar   ,   0   ,   0   ,   0   ,   No   ,   Firebomb/Incendiary   ,   Arson/Firebombing   ,   Yes   ,   Assam   ,   No   ,   No
201011628   ,   11 Jul 2010   ,   1 government employee, 1 child injured in armed attack in Khasavyurt, Dagestan, Russia   ,   Russia   ,   Khasavyurt   ,   43.250897,46.587662   ,   Khasavyurt, Dagestan, Russia,   ,   Islamic Extremist (Sunni)   ,   On 11 July 2010, at about 10:30 PM, in Khasavyurt, Dagestan, Russia, armed assailants fired upon a government employees car, injuring a local assistant prosecutor and a two year old child and damaging the vehicle.  No group claimed responsibility.",11,Jul,2010,"assistant, Dagestan, government employee, Khasavyurt, old child, prosecutor, s car, year",0,0,2,Yes,Firearm,Armed Attack,Yes,Dagestan,No,No,,,,,,,,,,,,,,,,,,,,,,,,,,,,,,,,,,,,,,,,,,,,,,,,,,,,,,,,,,,,,,,,,,,,,,,,,,,,,,,,,,,,,,,,,,,,,,,,,,,,,,,,,,,,,,,,,,,,,,,,,,,,,,,,,,,,,,,,,,,,,,,,,,,,,,,,,,,,,,,,,,,,,,,,,,,,,,,,,,,,,,,,,,,,,,,,,,,,,,,,,,,,,,,,,,,,,,,,,,,,,,,,,,,,,,,,,,,,,,,,,,,,,,,,,,,,
201009564,20 May 2010,"3 paramilitary members killed in armed attack by suspected ISI in 'Arab Jubur, Babil, Iraq",Iraq,"Arab Jubur   ,   32.726471,44.438080   ,   `Arab Jubur, Babil, Iraq,   ,   Islamic Extremist (Sunni)   ,   On 20 May 2010, in Arab Jubur, Babil, Iraq, assailants fired upon Sahwa Council members in Albu Sayfi village, killing a Sahwa Council leader and two council members.  No group claimed responsibility, although it was widely believed the Islamic State of Iraq (ISI) was responsible.",20,May,2010,"council, council member, Islamic State, member, Sahwa Council",3,0,0,Yes,Firearm,Armed Attack,Yes,Babil,No,No,,,,,,,,,,,,,,,,,,,,,,,,,,,,,,,,,,,,,,,,,,,,,,,,,,,,,,,,,,,,,,,,,,,,,,,,,,,,,,,,,,,,,,,,,,,,,,,,,,,,,,,,,,,,,,,,,,,,,,,,,,,,,,,,,,,,,,,,,,,,,,,,,,,,,,,,,,,,,,,,,,,,,,,,,,,,,,,,,,,,,,,,,,,,,,,,,,,,,,,,,,,,,,,,,,,,,,,,,,,,,,,,,,,,,,,,,,,,,,,,,,,,,,,,,,,,,,,,,,,,,,,,,,
201008740,10 May 2010,"1 police officer killed, 1 other, 3 civilians wounded in IED attack Adan, 'Adan, Yemen",Yemen,Adan,"12.766667,45.016666","Aden Municipality, `Adan, Yemen,",Unknown,"On 10 May 2010, in Adan, 'Adan, Yemen, an improvised explosive device (IED), planted near a children's park, exploded as authorities attempted to defuse it, killing one police officer and wounding one police officer and two civilians.  Authorities safely defused one other IED found in the same area.  No group claimed responsibility.",10,May,2010,"Adan, authorities, children, park, police officers",1,0,3,Yes,"Explosive, IED","Bombing, Near Miss/Non Attack Incident",Yes,"Adan   ,   No   ,   Yes
201010109   ,   1 Jun 2010   ,   Police officers targeted by Taliban in Sarowbi, Paktika, Afghanistan   ,   Afghanistan   ,   Sarowbi   ,   32.796665,69.099441   ,   Sarobi, Paktika, Afghanistan,   ,   Islamic Extremist (Sunni)   ,   On 1 June 2010, in Sarowbi, Paktika, Afghanistan, assailants attacked a group of police officers by unknown means, causing no injuries or damage.  The Taliban claimed responsibility.   ,   01   ,   Jun   ,   2010   ,   Afghanistan, June, means, Paktika, Sarowbi, Taliban, unknown means   ,   0   ,   0   ,   0   ,   Yes   ,   Unknown   ,   Unknown   ,   Yes   ,   Paktika   ,   No   ,   No
201006371   ,   4 Mar 2010   ,   1 civilian wounded in armed attack by suspected CPI-Maoist in Latehar, Jharkhand, India   ,   India   ,   Latehar   ,   23.750000,84.500000   ,   Latehar, Jharkhand, India,   ,   Secular/Political/Anarchist   ,   On 4 March 2010, in Latehar, Jharkhand, India, assailants fired upon and wounded one civilian.  No group claimed responsibility, although it was widely believed the Communist Party of India-Maoist (CPI-Maoist) was responsible.   ,   04   ,   Mar   ,   2010   ,   India, Jharkhand, Latehar, Maoist   ,   0   ,   0   ,   1   ,   Yes   ,   Firearm   ,   Armed Attack   ,   Yes   ,   Jharkhand   ,   No   ,   No
201006890   ,   23 Mar 2010   ,   2 civilians wounded in IED attack in Baghdad, Iraq   ,   Iraq   ,   Baghdad   ,   33.340584,44.400875   ,   Baghdad, Baghdad, Iraq,   ,   Unknown   ,   On 23 March 2010, at about 10:00 AM, in the Karradah district of Baghdad, Iraq, assailants detonated an improvised explosive device (IED) near the Babil Hotel in the central Jadriya neighborhood, wounding two civilians and damaging the hotel.  No group claimed responsibility.   ,   23   ,   Mar   ,   2010   ,   Babil Hotel, hotel, Jadriya, Karradah, March, neighborhood   ,   0   ,   0   ,   2   ,   Yes   ,   Explosive, IED   ,   Bombing   ,   Yes   ,   Baghdad   ,   No   ,   Yes
201010147   ,   3 Jun 2010   ,   2 civilians wounded in IED attack in Baghdad, Iraq   ,   Iraq   ,   Baghdad   ,   33.340584,44.400875   ,   Baghdad, Baghdad, Iraq,   ,   Unknown   ,   On 3 June 2010, at about 9:00 AM, in the Sabah Nisan district of Baghdad, Iraq, assailants detonated an improvised explosive device (IED) attached to a vehicle in the eastern Baghdad al Jadidah neighborhood, wounding two civilians and damaging the vehicle.  No group claimed responsibility.",3,Jun,2010,"Baghdad, district, Jadidah, June, neighborhood, Nisan, vehicle",0,0,2,Yes,"Explosive, IED",Bombing,Yes,Baghdad,No,Yes,,,,,,,,,,,,,,,,,,,,,,,,,,,,,,,,,,,,,,,,,,,,,,,,,,,,,,,,,,,,,,,,,,,,,,,,,,,,,,,,,,,,,,,,,,,,,,,,,,,,,,,,,,,,,,,,,,,,,,,,,,,,,,,,,,,,,,,,,,,,,,,,,,,,,,,,,,,,,,,,,,,,,,,,,,,,,,,,,,,,,,,,,,,,,,,,,,,,,,,,,,,,,,,,,,,,,,,,,,,,,,,,,,,,,,,,,,,,,,,,,,,,,,,,,,
201011888,22 Jul 2010,"5 police officers killed in armed attack by suspected AQAP in 'Ataq, Shabwah, Yemen",Yemen,"Ataq   ,   14.550000,46.799999   ,   `Ataq, Shabwah, Yemen,   ,   Islamic Extremist (Sunni)   ,   On 22 July 2010, in Ataq, Shabwah, Yemen, assailants fired upon a police vehicle, killing five police officers and damaging the vehicle.  No group claimed responsibility, but it was believed that Al-Qa'ida in the Arabian Peninsula (AQAP) was responsible.",22,Jul,2010,"AQAP, Arabian Peninsula, police vehicle, Shabwah, vehicle",5,0,0,Yes,Firearm,Armed Attack,Yes,Shabwah,No,"No
201013869,26 Aug 2010,"1 truck hijacked in 'Amran, San'a', Yemen",Yemen,"Amran   ,   15.662500,43.944168   ,   `Amran, San`a, Yemen,",Unknown,"On 26 August 2010, in 'Amran, San'a', Yemen, assailants hijacked one United Nations Children's Fund (UNICEF) truck.  No group claimed responsibility.",26,Aug,2010,"Amran, funds, Nations Children, UNICEF",0,0,0,Yes,Unknown,Hijacking,Yes,San'a',No,No,,,,,,,,,,,,,,,,,,,,,,,,,,,,,,,,,,,,,,,,,,,,,,,,,,,,,,,,,,,,,,,,,,,,,,,,,,,,,,,,,,,,,,,,,,,,,,,,,,,,,,,,,,,,,,,,,,,,,,,,,,,,,,,,,,,,,,,,,,,,,,,,,,,,,,,,,,,,,,,,,,,,,,,,,,,,,,,,,,,,,,,,,,,,,,,,,,,,,,,,,,,,,,,,,,,,,,,,,,,,,,,,,,,,,,,,,,,,,,,,,,,,,,,,,,,,,,,,,,,,,,,,
201008110,24 Apr 2010,"1 civilian kidnapped and wounded, 2 others kidnapped by suspected Huthist rebels in Haraf Sofian, 'Amran, Yemen",Yemen,Haraf Sofian,"16.083332,43.750000","Amran, Amran, Yemen,   ,   Tribal/Clan/Ethnic   ,   On 24 April 2010, in Haraf Sofian, Amran, Yemen, assailants kidnapped three civilians (2 Saudi; 1 Yemeni).  Later the same day, assailants released the two Saudi victims unharmed.  On 25 April 2010, the assailants released the Yemeni victim with injuries sustained during alleged torture.  No group claimed responsibility, but it was believed that Huthist rebels were responsible.",24,Apr,2010,"Amran, Huthist, Saudi, torture, Yemeni",0,2,1,Yes,Unknown,"Kidnapping, Other",Yes,"Amran   ,   No   ,   No
201014494   ,   6 Sep 2010   ,   2 paramilitary members killed, 1 civilian wounded, 6 people kidnapped by suspected LRA in Ouanda Djalle, Vakaga, Central African Republic   ,   Central African Republic   ,   Ouanda Djalle   ,   10.333333,22.750000   ,   Vakaga, Central African Republic,   ,   Christian Extremist   ,   Between 6 September 2010 and 7 September 2010, in Ouanda Djalle, Vakaga, Central African Republic, assailants attacked the village twice by unknown means, killing two members of the self-defense committee of Ouanda Djalle, wounding one civilian, and kidnapping six people.  No group claimed responsibility, although it was widely believed the Lords Resistance Army responsible.",6,Sep,2010,"Central African Republic, committee, defense, defense committee, Lord, Resistance Army, Self, September, Vakaga",2,6,1,Yes,Unknown,"Kidnapping, Unknown",Yes,Vakaga,No,No,,,,,,,,,,,,,,,,,,,,,,,,,,,,,,,,,,,,,,,,,,,,,,,,,,,,,,,,,,,,,,,,,,,,,,,,,,,,,,,,,,,,,,,,,,,,,,,,,,,,,,,,,,,,,,,,,,,,,,,,,,,,,,,,,,,,,,,,,,,,,,,,,,,,,,,,,,,,,,,,,,,,,,,,,,,,,,,,,,,,,,,,,,,,,,,,,,,,,,,,,,,,,,,,,,,,,,,,,,,,,,,,,,,,,,,,,,,,,,,,,,,,,,,,,,,,
